Name,Price,24h Change,Market Cap,Timestamp
CoinMarketCap 20 Index DTF,$162.52,0.21%,$5.83M,2026-09-04 07:20:29
Bitcoin,"$79,252.20",0.15%,$1.59T,2026-09-04 07:20:29
Ethereum,"$2,448.11",0.20%,$298.71B,2026-09-04 07:20:29
Tether,$0.9998,0.00%,$183.35B,2026-09-04 07:20:29
BNB,$715.12,0.05%,$95.22B,2026-09-04 07:20:29
XRP,$1.40,0.16%,$88.29B,2026-09-04 07:20:29
USDC,$0.9998,0.00%,$74.21B,2026-09-04 07:20:29
Solana,$101.37,0.20%,$59.34B,2026-09-04 07:20:29
TRON,$0.3295,0.23%,$31.28B,2026-09-04 07:20:29
Hyperliquid,$85.05,0.48%,$21.39B,2026-09-04 07:20:29
CoinMarketCap 20 Index DTF,$162.41,0.07%,$5.82M,2026-09-04 07:27:47
Bitcoin,"$79,314.39",0.13%,$1.59T,2026-09-04 07:27:47
Ethereum,"$2,452.65",0.03%,$299.26B,2026-09-04 07:27:47
Tether,$0.9998,0.01%,$183.34B,2026-09-04 07:27:47
BNB,$714.15,0.28%,$95.09B,2026-09-04 07:27:47
XRP,$1.40,0.49%,$88.1B,2026-09-04 07:27:47
USDC,$0.9999,0.00%,$74.22B,2026-09-04 07:27:47
Solana,$101.35,0.02%,$59.32B,2026-09-04 07:27:47
TRON,$0.3295,0.21%,$31.28B,2026-09-04 07:27:47
Hyperliquid,$85.00,0.26%,$21.38B,2026-09-04 07:27:47
CoinMarketCap 20 Index DTF,$163.05,0.09%,$5.88M,2026-09-04 23:14:04
Bitcoin,"$79,647.80",0.17%,$1.59T,2026-09-04 23:14:04
Ethereum,"$2,452.57",0.20%,$299.26B,2026-09-04 23:14:04
Tether,$1.00,0.00%,$183.41B,2026-09-04 23:14:04
BNB,$722.86,0.14%,$96.25B,2026-09-04 23:14:04
XRP,$1.40,0.20%,$87.88B,2026-09-04 23:14:04
USDC,$0.9998,0.00%,$74.6B,2026-09-04 23:14:04
Solana,$101.93,0.15%,$59.66B,2026-09-04 23:14:04
TRON,$0.3320,0.09%,$31.51B,2026-09-04 23:14:04
Hyperliquid,$84.12,0.30%,$21.16B,2026-09-04 23:14:04
CoinMarketCap 20 Index DTF,$163.27,0.16%,$5.89M,2026-09-04 23:46:22
Bitcoin,"$79,714.85",0.15%,$1.59T,2026-09-04 23:46:22
Ethereum,"$2,454.92",0.18%,$299.29B,2026-09-04 23:46:22
Tether,$1.00,0.00%,$183.42B,2026-09-04 23:46:22
BNB,$724.40,0.22%,$96.46B,2026-09-04 23:46:22
XRP,$1.40,0.26%,$87.99B,2026-09-04 23:46:22
USDC,$0.9998,0.00%,$74.6B,2026-09-04 23:46:22
Solana,$102.05,0.22%,$59.73B,2026-09-04 23:46:22
TRON,$0.3320,0.08%,$31.52B,2026-09-04 23:46:22
Hyperliquid,$84.06,0.01%,$21.14B,2026-09-04 23:46:22
CoinMarketCap 20 Index DTF,$163.27,0.16%,$5.89M,2026-09-04 23:48:44
Bitcoin,"$79,699.47",0.13%,$1.59T,2026-09-04 23:48:44
Ethereum,"$2,454.35",0.14%,$299.29B,2026-09-04 23:48:44
Tether,$1.00,0.00%,$183.42B,2026-09-04 23:48:44
BNB,$724.40,0.22%,$96.46B,2026-09-04 23:48:44
XRP,$1.40,0.26%,$87.99B,2026-09-04 23:48:44
USDC,$0.9998,0.00%,$74.6B,2026-09-04 23:48:44
Solana,$102.05,0.22%,$59.73B,2026-09-04 23:48:44
TRON,$0.3320,0.08%,$31.52B,2026-09-04 23:48:44
Hyperliquid,$84.06,0.01%,$21.14B,2026-09-04 23:48:44
CoinMarketCap 20 Index DTF,$163.73,0.21%,$5.9M,2026-09-05 00:53:25
Bitcoin,"$79,749.00",0.08%,$1.6T,2026-09-05 00:53:25
Ethereum,"$2,458.57",0.22%,$299.99B,2026-09-05 00:53:25
Tether,$1.00,0.01%,$183.4B,2026-09-05 00:53:25
BNB,$738.64,1.38%,$98.35B,2026-09-05 00:53:25
XRP,$1.40,0.11%,$88.12B,2026-09-05 00:53:25
USDC,$0.9998,0.01%,$74.59B,2026-09-05 00:53:25
Solana,$102.38,0.25%,$59.93B,2026-09-05 00:53:25
TRON,$0.3325,0.03%,$31.57B,2026-09-05 00:53:25
Hyperliquid,$84.64,0.54%,$21.29B,2026-09-05 00:53:25
CoinMarketCap 20 Index DTF,$163.79,0.25%,$5.9M,2026-09-05 00:55:35
Bitcoin,"$79,760.45",0.10%,$1.6T,2026-09-05 00:55:35
Ethereum,"$2,459.06",0.24%,$300.01B,2026-09-05 00:55:35
Tether,$1.00,0.01%,$183.4B,2026-09-05 00:55:35
BNB,$737.23,1.38%,$98.17B,2026-09-05 00:55:35
XRP,$1.40,0.11%,$88.1B,2026-09-05 00:55:35
USDC,$0.9998,0.01%,$74.59B,2026-09-05 00:55:35
Solana,$102.38,0.25%,$59.93B,2026-09-05 00:55:35
TRON,$0.3325,0.03%,$31.57B,2026-09-05 00:55:35
Hyperliquid,$84.64,0.54%,$21.29B,2026-09-05 00:55:35
CoinMarketCap 20 Index DTF,$165.19,0.22%,$5.93M,2026-09-05 23:17:48
Bitcoin,"$79,914.36",0.14%,$1.6T,2026-09-05 23:17:48
Ethereum,"$2,509.60",0.28%,$306.23B,2026-09-05 23:17:48
Tether,$1.00,0.00%,$183.39B,2026-09-05 23:17:48
BNB,$763.16,0.10%,$101.62B,2026-09-05 23:17:48
XRP,$1.42,0.38%,$89.38B,2026-09-05 23:17:48
USDC,$0.9998,0.00%,$74.61B,2026-09-05 23:17:48
Solana,$106.30,0.40%,$62.23B,2026-09-05 23:17:48
TRON,$0.3334,0.07%,$31.65B,2026-09-05 23:17:48
Hyperliquid,$86.45,0.18%,$21.74B,2026-09-05 23:17:48
